<configuration>
    <appender name="STDOUT" class="ch.qos.logback.core.ConsoleAppender">
        <encoder>
            <pattern>%d{HH:mm:ss.ss} %5p [%thread] [%c] - %m%n</pattern>
        </encoder>
    </appender>

    <logger name="org.springframework" level="INFO"/>

    <!-- log4jdbc 옵션 설정 -->
    <logger name="jdbc" level="INFO"/>
    <!-- sql문만 로깅할지 여부 -->
    <logger name="jdbc.sqlonly" level="INFO"/>
    <!-- 쿼리문 수행시간 로깅 여부 -->
    <logger name="jdbc.sqltiming" level="OFF"/>
    <!-- ResultSet외 모든 JDBC 호출 정보 로깅할지 여부 -->
    <logger name="jdbc.audit" level="OFF"/>
    <!-- ResultSet 포함 모든 JDBC 호출 정보를 로깅 -->
    <logger name="jdbc.resultset" level="INFO"/>
    <logger name="jdbc.resultsettable" level="INFO"/>
    <!-- connection open close 로깅 여부 -->
    <logger name="jdbc.connection" level="OFF"/>

    <root level="INFO">
        <appender-ref ref="STDOUT" />
    </root>
</configuration>