<?xml version="1.0" encoding="UTF-8"?>
<!DOCTYPE mapper
        PUBLIC "-//mybatis.org//DTD Mapper 3.0//EN"
        "https://mybatis.org/dtd/mybatis-3-mapper.dtd">
        
<mapper namespace="com.alpha.mapper.BoardMapper">

	<sql id="criteria">
		<trim prefix="(" suffix=") AND " prefixOverrides="OR">
			<foreach item='type' collection="typeArr">
				<trim prefix="OR">
					<choose>
						<when test="type == 'T'.toString()">
							title like '%' ||#{keyword}||'%'
						</when>
						<when test="type == 'C'.toString()">
							content like '%' ||#{keyword}||'%'
						</when>
						<when test="type == 'W'.toString()">
							writer like '%' ||#{keyword}||'%'
						</when>
					</choose>
				</trim>
			</foreach>
		</trim>
	</sql>

	<select id="getList" resultType="com.alpha.domain.BoardVO">
 
		SELECT  type, title, name, created_at 
		FROM  board B 
		JOIN  board_type BT ON B.type_id = BT.type_id
		JOIN  employee E ON B.writer = E.emp_id
     	
	
	</select>
	
<!-- 	<select id="getAll" resultType="com.alpha.domain.BoardVO"> -->
 
<!-- 		SELECT  type, title, name, created_at  -->
<!-- 		FROM  board B  -->
<!-- 		JOIN  board_type BT ON B.type_id = BT.type_id -->
<!-- 		JOIN  employee E ON B.writer = E.emp_id -->
     	
	
<!-- 	</select> -->
		
	<insert id="insert">
		INSERT INTO 
		
				board (board_id, writer, type_id, title, content,
					   start_date, end_date, authorized)
		VALUES 
				(seq_board.nextval, #{writer}, #{type_id}, #{title}, #{content},
				 #{start_date, jdbcType = DATE},  #{end_date, jdbcType = DATE}, #{authorized})
		
	</insert>
	
<!-- 	<insert id="insertSelectKey"> -->
	
<!-- 		<selectKey resultType="int" keyProperty="board_id" order="BEFORE"> -->
		
<!-- 			SELECT board_id_seq.nextval FROM dual -->
			
<!-- 		</selectKey> -->
		
<!-- 		INSERT INTO  -->
<!-- 				board (board_id, writer, type_id, title, content, -->
<!-- 					   start_date, end_date, authorized) -->
<!-- 		VALUES  -->
<!-- 				(#{board_id}, #{writer}, #{type_id}, #{title}, #{content},				  -->
<!-- 				 #{start_date, jdbcType = DATE},  #{end_date, jdbcType = DATE}, #{authorized}) -->
			 
<!-- 	</insert> -->
	
	<select id="read" resultType="com.alpha.domain.BoardVO">
	
		SELECT  type, title, name, created_at, content, start_date, end_date
		FROM  board B 
		JOIN  board_type BT ON B.type_id = BT.type_id
		JOIN  employee E ON B.writer = E.emp_id
		WHERE board_id = #{board_id}
		
	</select>
	
	<update id="update">
		
		UPDATE
				board				
		SET
				writer = #{writer}, type_id = #{type_id}, title = #{title}, content = #{content},
				start_date = #{start_date}, end_date = #{end_date}, authorized = #{authorized}, updated_at = sysdate				
		WHERE
				board_id  = #{board_id}
	</update>
	
	<delete id="delete">
		
		DELETE board WHERE board_id = #{board_id}
		
	</delete>
	
	<select id="getListWithPaging" resultType="com.alpha.domain.BoardVO">
		
	<![CDATA[
		SELECT  board_id, B.type_id, type, title, name, created_at 
		FROM  ( SELECT
						/*+ INDEX_DESC(board pk_board */ rownum rn,
						board_id, type_id, title, writer, created_at
				FROM board
     			WHERE
	]]>
	
		<include refid="criteria"></include>
	<![CDATA[	
				rownum <= #{pageNum} * #{amount}
			 	) B
		JOIN board_type BT ON B.type_id = BT.type_id
		JOIN  employee E ON B.writer = E.emp_id	 	
		WHERE
				rn > (#{pageNum} -1) * #{amount}
	]]>
	</select>
    
    <select id="getTotalCount" resultType="int">
	
		select count(*) from board where
		
		<include refid="criteria"></include>
		
		board_id > 0
		
	</select>
</mapper>















