<?xml version="1.0" encoding="UTF-8" ?>
<!DOCTYPE mapper
        PUBLIC "-//mybatis.org//DTD Mapper 3.0//EN"
        "https://mybatis.org/dtd/mybatis-3-mapper.dtd">
<mapper namespace="com.alpha.mapper.EmployeeMapper">

    <select id="getAll" resultType="com.alpha.domain.EmployeeVO">
        SELECT e.EMP_ID,
               e.NAME,
               e.PHONE,
               e.EMAIL,
               e.HIREDATE,
               e.DEPARTMENT_ID,
               d.DEPARTMENT_NAME,
               e.MANAGER_ID,
               m.NAME as manager_name,
               e.POSITION_ID,
               p.POSITION_NAME,
               e.AUTHORIZED,
               e.PROFILEIMAGE
        from employee e
                 inner join DEPARTMENT D on D.DEPARTMENT_ID = e.DEPARTMENT_ID
                 inner join POSITION P on e.POSITION_ID = P.POSITION_ID
                 left join EMPLOYEE m on e.MANAGER_ID = m.EMP_ID
        where e.RETIREDATE is null
    </select>

    <select id="getAllByDepartmentId" resultType="com.alpha.domain.EmployeeVO">
        SELECT e.EMP_ID,
               e.NAME,
               e.PHONE,
               e.EMAIL,
               e.HIREDATE,
               e.DEPARTMENT_ID,
               d.DEPARTMENT_NAME,
               e.MANAGER_ID,
               m.NAME as manager_name,
               e.POSITION_ID,
               p.POSITION_NAME,
               e.AUTHORIZED,
               e.PROFILEIMAGE
        from employee e
                 inner join DEPARTMENT D on D.DEPARTMENT_ID = e.DEPARTMENT_ID
                 inner join POSITION P on e.POSITION_ID = P.POSITION_ID
                 left join EMPLOYEE m on e.MANAGER_ID = m.EMP_ID
        where e.RETIREDATE is null and e.DEPARTMENT_ID = #{id}
        order by POSITION_ID desc
    </select>

    <select id="getById" resultType="com.alpha.domain.EmployeeVO">
        SELECT e.EMP_ID,
               e.NAME,
               e.PHONE,
               e.EMAIL,
               e.HIREDATE,
               e.DEPARTMENT_ID,
               d.DEPARTMENT_NAME,
               e.MANAGER_ID,
               m.NAME as manager_name,
               e.POSITION_ID,
               p.POSITION_NAME,
               e.AUTHORIZED,
               e.PROFILEIMAGE
        from employee e
                 inner join DEPARTMENT D on D.DEPARTMENT_ID = e.DEPARTMENT_ID
                 inner join POSITION P on e.POSITION_ID = P.POSITION_ID
                 left join EMPLOYEE m on e.MANAGER_ID = m.EMP_ID
        where e.emp_id = #{id}
    </select>

    <select id="getByEmail" parameterType="string" resultType="com.alpha.domain.EmployeeVO">
        SELECT e.*, d.DEPARTMENT_NAME, p.POSITION_NAME, m.NAME as manager_name
        FROM employee e
                 inner join DEPARTMENT D on D.DEPARTMENT_ID = e.DEPARTMENT_ID
                 inner join POSITION P on e.POSITION_ID = P.POSITION_ID
                 left join EMPLOYEE m on e.MANAGER_ID = m.EMP_ID
        where e.EMAIL = #{email}
    </select>

    <select id="retiredEmployee">
        SELECT
            CASE
                WHEN RETIREDATE IS NULL THEN 0
                ELSE 1
                END AS retired
        FROM
            EMPLOYEE
        WHERE
            EMP_ID = #{id}
    </select>

    <update id="updateEmployee">
UPDATE EMPLOYEE set EMAIL = #{email}, PHONE = #{phone} where EMP_ID = #{emp_id}
    </update>

    <update id="updateImage">
UPDATE EMPLOYEE set EMAIL = #{email}, PHONE = #{phone}, PROFILEIMAGE= #{profileImage} where EMP_ID = #{emp_id}
    </update>

    <insert id="insertEmployee">
        INSERT INTO EMPLOYEE(name, EMAIL, PHONE, HIREDATE, DEPARTMENT_ID, POSITION_ID, AUTHORIZED) values (#{name}, #{email}, #{phone}, #{hiredate}, #{department_id}, #{position_id}, #{authorized})
    </insert>
    
    <update id="manageEmployee">
        update EMPLOYEE set NAME=#{name}, EMAIL=#{email}, PHONE=#{phone}, DEPARTMENT_ID= #{department_id}, POSITION_ID = #{position_id}, AUTHORIZED=#{authorized} where EMP_ID = #{emp_id}
    </update>

    <update id="deleteEmployee">
        update EMPLOYEE set RETIREDATE = trunc(sysdate) where EMP_ID = #{id}
    </update>

</mapper>